"Inventory Reference","Inventories/Location","Inventories/Product","Inventories / Counted Quantity"
"Beginning Balance WEB","WEB/Stock","8993417055225",6
,"WEB/Stock","8993417054211",1
,"WEB/Stock","8993417054228",6
,"WEB/Stock","8993417054518",5
,"WEB/Stock","8993417054525",1
,"WEB/Stock","Acnemed-07",10
,"WEB/Stock","Acnemed-04",1
,"WEB/Stock","Acnemed-03",1
,"WEB/Stock","Acnemed-05",9
,"WEB/Stock","8995232702124",6
,"WEB/Stock","Acnemed-01",12
,"WEB/Stock","8995232702209",8
,"WEB/Stock","8992821100309",1
,"WEB/Stock","8992821100361",2
,"WEB/Stock","8992821100378",1
,"WEB/Stock","VP-8992772265027-12",4
,"WEB/Stock","VP-120185-12",3
,"WEB/Stock","VP-115362-12",10
,"WEB/Stock","8809151139032",1
,"WEB/Stock","8809151131692",1
,"WEB/Stock","381370036647",3
,"WEB/Stock","381370042495",0
,"WEB/Stock","381371165568",0
,"WEB/Stock","381370042303",5
,"WEB/Stock","62600060488",2
,"WEB/Stock","62600061546",2
,"WEB/Stock","8801008600047",6
,"WEB/Stock","8801008600047-GWP-1",7
,"WEB/Stock","8801008600061",2
,"WEB/Stock","381370036463",3
,"WEB/Stock","8801008600030",0
,"WEB/Stock","8801008600030-GWP-1",10
,"WEB/Stock","AV1014",1
,"WEB/Stock","AV1012",0
,"WEB/Stock","AV1016",1
,"WEB/Stock","AV1013",1
,"WEB/Stock","79656000078",5
,"WEB/Stock","79656649598",1
,"WEB/Stock","79656400137",3
,"WEB/Stock","79656625233",1
,"WEB/Stock","79656004021",5
,"WEB/Stock","79656400885",1
,"WEB/Stock","BB-0002",1
,"WEB/Stock","BB-0001",4
,"WEB/Stock","BB-0003",0
,"WEB/Stock","79656615616",7
,"WEB/Stock","79656651508",1
,"WEB/Stock","79656649550",3
,"WEB/Stock","79656649567",5
,"WEB/Stock","BB-0006-3",1
,"WEB/Stock","79656615609",4
,"WEB/Stock","79656651515",2
,"WEB/Stock","79656649536",5
,"WEB/Stock","79656649543",5
,"WEB/Stock","79656650730",5
,"WEB/Stock","79656625226",1
,"WEB/Stock","79656603682",1
,"WEB/Stock","79656651485",5
,"WEB/Stock","8990057882730",0
,"WEB/Stock","8990057882747",0
,"WEB/Stock","8990057982751",1
,"WEB/Stock","8990057882754",1
,"WEB/Stock","8990057982768",1
,"WEB/Stock","8990057882761",1
,"WEB/Stock","8990057705350",0
,"WEB/Stock","8992843992111",11
,"WEB/Stock","8994133000070",3
,"WEB/Stock","8994133000056",1
,"WEB/Stock","8992843121009",0
,"WEB/Stock","8992843101902",0
,"WEB/Stock","PC0BTRME",1
,"WEB/Stock","PC0BIGC1",1
,"WEB/Stock","PC0EGRS3",1
,"WEB/Stock","PC0BEGWT",1
,"WEB/Stock","PC0ERFCR",1
,"WEB/Stock","PC0EHC10",1
,"WEB/Stock","PC0ERDCR",1
,"WEB/Stock","6001159113744",6
,"WEB/Stock","6001159113751",11
,"WEB/Stock","6001159116684",0
,"WEB/Stock","6001159113737",0
,"WEB/Stock","BIOOIL-100",5
,"WEB/Stock","BIOOIL-200",2
,"WEB/Stock","BIOOIL-50",0
,"WEB/Stock","FM-WX10202422",3
,"WEB/Stock","793591177991",0
,"WEB/Stock","DNACR500",1
,"WEB/Stock","DNACR200",4
,"WEB/Stock","3401354309233",3
,"WEB/Stock","DNAGD200",3
,"WEB/Stock","DNAGD500",0
,"WEB/Stock","3401528520846",0
,"WEB/Stock","3401528519895",4
,"WEB/Stock","3401381463359",5
,"WEB/Stock","DNAIB500",2
,"WEB/Stock","3401381463298",0
,"WEB/Stock","3401560969757",2
,"WEB/Stock","3401560936988",2
,"WEB/Stock","3401399372346",3
,"WEB/Stock","DNAUB300",2
,"WEB/Stock","DNAUB500",0
,"WEB/Stock","Bioderma-Free Gift",4
,"WEB/Stock","3401399848254",1
,"WEB/Stock","3401399848193",2
,"WEB/Stock","3401329447748",0
,"WEB/Stock","3401329447748-FTK",31
,"WEB/Stock","3401329447809",1
,"WEB/Stock","3401528521157",2
,"WEB/Stock","3401399694127",4
,"WEB/Stock","3401347869775",6
,"WEB/Stock","3401399694356",4
,"WEB/Stock","DNPA40",0
,"WEB/Stock","DNPK100",4
,"WEB/Stock","DNPMF40",5
,"WEB/Stock","3701129801062",0
,"WEB/Stock","DNPSA40",2
,"WEB/Stock","3401574131423",2
,"WEB/Stock","3401353791220",0
,"WEB/Stock","DNBFG200",0
,"WEB/Stock","3401360147508",7
,"WEB/Stock","3401395376935",47
,"WEB/Stock","3401572288297",9
,"WEB/Stock","3401575645851",6
,"WEB/Stock","BIO-SBP500",0
,"WEB/Stock","3401348840421",2
,"WEB/Stock","DNBL200",3
,"WEB/Stock","DNBL200-FTK",35
,"WEB/Stock","DNBM30",0
,"WEB/Stock","793591177977",0
,"WEB/Stock","3401361353625",4
,"WEB/Stock","BIODERMA-BSS1",3
,"WEB/Stock","793591177984",0
,"WEB/Stock","DNSE15",4
,"WEB/Stock","3401573670282",2
,"WEB/Stock","3401381507565",2
,"WEB/Stock","3401395376706",15
,"WEB/Stock","3401395376706-FTK",28
,"WEB/Stock","3401575390447",56
,"WEB/Stock","3401345935571",17
,"WEB/Stock","BIO-SNP500",28
,"WEB/Stock","3401346673106",3
,"WEB/Stock","3401320655357",6
,"WEB/Stock","3401320655418",1
,"WEB/Stock","8992727007894",3
,"WEB/Stock","8992727007931",3
,"WEB/Stock","8992727001724",7
,"WEB/Stock","8992727004992",2
,"WEB/Stock","8992727003865",5
,"WEB/Stock","8992727003889",1
,"WEB/Stock","8992727006187",5
,"WEB/Stock","8992727001700",4
,"WEB/Stock","8992727005470",9
,"WEB/Stock","8992727002578",7
,"WEB/Stock","8992727002592",5
,"WEB/Stock","8992727007436",1
,"WEB/Stock","8992727001663",3
,"WEB/Stock","8992727006989",2
,"WEB/Stock","8992727007009",2
,"WEB/Stock","4901301756305",3
,"WEB/Stock","8992727004244",0
,"WEB/Stock","8992727006323",0
,"WEB/Stock","8992727006545",2
,"WEB/Stock","8992727006507",1
,"WEB/Stock","8992727007443",2
,"WEB/Stock","8992727007382",3
,"WEB/Stock","8992727004466",3
,"WEB/Stock","8992727004473",6
,"WEB/Stock","8992727004442",2
,"WEB/Stock","8992727004459",0
,"WEB/Stock","4901301280442",0
,"WEB/Stock","8992727006385",0
,"WEB/Stock","8992727006354",3
,"WEB/Stock","8992727006361",1
,"WEB/Stock","8992727003810",0
,"WEB/Stock","8992727003827",4
,"WEB/Stock","8992727003841",0
,"WEB/Stock","8992727001694",3
,"WEB/Stock","8992727001687",3
,"WEB/Stock","8992727001793",3
,"WEB/Stock","8992727006330",3
,"WEB/Stock","8992727005111",0
,"WEB/Stock","8992727003537",1
,"WEB/Stock","8992727005166",2
,"WEB/Stock","8992727002875",4
,"WEB/Stock","8992727002882",2
,"WEB/Stock","8992727002837",2
,"WEB/Stock","8992727005937",1
,"WEB/Stock","4901301258748",2
,"WEB/Stock","4901301363268",1
,"WEB/Stock","4901301363749",7
,"WEB/Stock","4901301368539",3
,"WEB/Stock","93552073",1
,"WEB/Stock","9300807327012",1
,"WEB/Stock","93551205",2
,"WEB/Stock","93553872",0
,"WEB/Stock","93549271",1
,"WEB/Stock","9300807301449",2
,"WEB/Stock","93549349",0
,"WEB/Stock","93549318",1
,"WEB/Stock","93551854",2
,"WEB/Stock","9300807301555",0
,"WEB/Stock","93549288",2
,"WEB/Stock","93550178",0
,"WEB/Stock","93549363",2
,"WEB/Stock","BLCMP",0
,"WEB/Stock","9300807302491",0
,"WEB/Stock","93551847",0
,"WEB/Stock","93549325",1
,"WEB/Stock","9300807301869",2
,"WEB/Stock","93553605",18
,"WEB/Stock","93549554",0
,"WEB/Stock","9300807302545",1
,"WEB/Stock","9300807308509",1
,"WEB/Stock","9300807313510",0
,"WEB/Stock","9300807308547",5
,"WEB/Stock","93549264",0
,"WEB/Stock","BM-VIT-D3",0
,"WEB/Stock","8997031665372-2",1
,"WEB/Stock","8997031665334",2
,"WEB/Stock","8997031665341",1
,"WEB/Stock","8997031665358",1
,"WEB/Stock","8997031665266",1
,"WEB/Stock","8997031662067",1
,"WEB/Stock","8997031665280",1
,"WEB/Stock","8997031665297",1
,"WEB/Stock","8997031662081",1
,"WEB/Stock","8997031665389",1
,"WEB/Stock","8997031661268",1
,"WEB/Stock","8997031665556",1
,"WEB/Stock","8997031665600",1
,"WEB/Stock","8997031665617",1
,"WEB/Stock","8997031661091",1
,"WEB/Stock","8997031665327",1
,"WEB/Stock","8997031661251",1
,"WEB/Stock","8997031665884",1
,"WEB/Stock","8997031665853",1
,"WEB/Stock","8997031665839",1
,"WEB/Stock","8997031665808",1
,"WEB/Stock","8997031660803",1
,"WEB/Stock","8997031661213",1
,"WEB/Stock","8997031661244",1
,"WEB/Stock","8997031662012",1
,"WEB/Stock","8997031665228",1
,"WEB/Stock","8997031665235",1
,"WEB/Stock","8997031665426",1
,"WEB/Stock","8997031661329",1
,"WEB/Stock","8997031665402",1
,"WEB/Stock","8997031665396",1
,"WEB/Stock","8997031665365",1
,"WEB/Stock","8999908285003",3
,"WEB/Stock"," 8999908285003",0
,"WEB/Stock","8999908250902",3
,"WEB/Stock"," 8999908250902",0
,"WEB/Stock","8999908000705",0
,"WEB/Stock","7613036123532",1
,"WEB/Stock","B1G1-0001",4
,"WEB/Stock","B1G1-0002",4
,"WEB/Stock","B1G1-48193",0
,"WEB/Stock","VP-00390",0
,"WEB/Stock","B1G1F-Freeman-0004-2",0
,"WEB/Stock","B1G1-0003",10
,"WEB/Stock","BOGOF-00006",0
,"WEB/Stock","8993005202031",3
,"WEB/Stock","8993005124029",1
,"WEB/Stock","8993005202024",5
,"WEB/Stock","8993005202055",1
,"WEB/Stock","8993176111286",0
,"WEB/Stock","8993176111293",0
,"WEB/Stock","8993176720822",0
,"WEB/Stock","8993176721027",0
,"WEB/Stock","8993176110067",0
,"WEB/Stock","8993176811094",0
,"WEB/Stock","8993176721980",0
,"WEB/Stock","8998103010823",2
,"WEB/Stock","8998103010830",2
,"WEB/Stock","8850169802012",2
,"WEB/Stock","8850169822010",0
,"WEB/Stock","8998103010809",0
,"WEB/Stock","Carmed-02",5
,"WEB/Stock","Carmed-01",8
,"WEB/Stock","8994591080010",0
,"WEB/Stock","8994591010031",3
,"WEB/Stock","8994591010017",15
,"WEB/Stock","8994591010055",2
,"WEB/Stock","8994591010024",0
,"WEB/Stock","CETAPHIL-001",6
,"WEB/Stock","9318637043316",31
,"WEB/Stock","Cetaphil-008",10
,"WEB/Stock","9318637043293",60
,"WEB/Stock","9318637044009",64
,"WEB/Stock","Cetaphil-010",19
,"WEB/Stock","Cetaphil-009",0
,"WEB/Stock","9318637043330",11
,"WEB/Stock","9318637043309",10
,"WEB/Stock","CETAPHIL-016",0
,"WEB/Stock","CETAPHIL-014",11
,"WEB/Stock","CETAPHIL-012",10
,"WEB/Stock","CETAPHIL-015",5
,"WEB/Stock","CETAPHIL-013",18
,"WEB/Stock","302993914082",11
,"WEB/Stock","9318637044030",10
,"WEB/Stock","3499320004206",5
,"WEB/Stock","9318637043002",59
,"WEB/Stock","9318637043002-FT",0
,"WEB/Stock","9318637070510",22
,"WEB/Stock","9318637072378",2
,"WEB/Stock","9318637069637",58
,"WEB/Stock","302993917168",10
,"WEB/Stock","3499320000321",1
,"WEB/Stock","3499320007696",1
,"WEB/Stock","772618061253",12
,"WEB/Stock","9318637043842",73
,"WEB/Stock","3499320003063",0
,"WEB/Stock","8992802003018",2
,"WEB/Stock","8992802180030",2
,"WEB/Stock","8992802001137",1
,"WEB/Stock","8998866100168",1
,"WEB/Stock","8998866181082",1
,"WEB/Stock","8998866106191",1
,"WEB/Stock","8991111112091",2
,"WEB/Stock","9556006283110",2
,"WEB/Stock","9556006283127",1
,"WEB/Stock","8991111111964",1
,"WEB/Stock","8850007700050",4
,"WEB/Stock","4901730070010",2
,"WEB/Stock","SWAB-TEST-001",0
,"WEB/Stock","6920354820601",1
,"WEB/Stock","8850006331866",1
,"WEB/Stock","8850006340769",1
,"WEB/Stock","700",4
,"WEB/Stock","CORINE003",5
,"WEB/Stock","3468080100749",1
,"WEB/Stock","3468080100725",1
,"WEB/Stock","3468080100787",2
,"WEB/Stock","3468080106048",2
,"WEB/Stock","706",1
,"WEB/Stock","CORINE010",3
,"WEB/Stock","3468080406476",2
,"WEB/Stock","747",2
,"WEB/Stock","3468080407121",1
,"WEB/Stock","18033",1
,"WEB/Stock","FM-WX102023871",1
,"WEB/Stock","8998103101118",1
,"WEB/Stock","8998103004600",2
,"WEB/Stock","8998103011776",0
,"WEB/Stock","8998103100999",1
,"WEB/Stock","8998103011868",0
,"WEB/Stock","8998103008165",5
,"WEB/Stock","8888103208026",2
,"WEB/Stock","8998103010724",1
,"WEB/Stock","8998103016191",3
,"WEB/Stock","8998103004846",1
,"WEB/Stock","8998103013077",3
,"WEB/Stock","8998103011578",1
,"WEB/Stock","8998103101026",2
,"WEB/Stock","8998103015507",3
,"WEB/Stock","8998103015491",3
,"WEB/Stock","8998103015453",1
,"WEB/Stock","88820286",2
,"WEB/Stock","8998103011837",4
,"WEB/Stock","8998103004495",1
,"WEB/Stock","8998103000565",1
,"WEB/Stock","8998103012643",1
,"WEB/Stock","8998103011332",1
,"WEB/Stock","8888103003492",3
,"WEB/Stock","8998103014593",0
,"WEB/Stock","8998103014586",1
,"WEB/Stock","8998103014388",1
,"WEB/Stock","8998103100685",2
,"WEB/Stock","8998103100692",2
,"WEB/Stock","8888103006882",0
,"WEB/Stock","8998103012056",1
,"WEB/Stock","8998103012049",1
,"WEB/Stock","8998103012094",1
,"WEB/Stock","8888103003881",3
,"WEB/Stock","8998103012445",1
,"WEB/Stock","4891338031042",2
,"WEB/Stock","4891338028486",9
,"WEB/Stock","4891338029469",0
,"WEB/Stock","4891338038348",11
,"WEB/Stock","4891338021234",3
,"WEB/Stock","4891338028509",5
,"WEB/Stock","4891338028493",1
,"WEB/Stock","4891338003209",10
,"WEB/Stock","4891338014052",15
,"WEB/Stock","4891338003193",4
,"WEB/Stock","4891338003186",0
,"WEB/Stock","4891338007955",14
,"WEB/Stock","4891338007962",14
,"WEB/Stock","DARLIE-GT-160",3
,"WEB/Stock","DARLIE-JT-160",0
,"WEB/Stock","4891338040907",9
,"WEB/Stock","4891338040914",10
,"WEB/Stock","8993560022044",0
,"WEB/Stock","8993560022006",9
,"WEB/Stock","8993560022051",51
,"WEB/Stock","8993560022068",1
,"WEB/Stock","8993560022020",13
,"WEB/Stock","3073461",6
,"WEB/Stock","8993560028015",1
,"WEB/Stock","8993560026073",5
,"WEB/Stock","3073485",1
,"WEB/Stock","9556111609010",1
,"WEB/Stock","9556111621043",2
,"WEB/Stock","8993560026042",7
,"WEB/Stock","9556111621029",1
,"WEB/Stock","8993560026813",2
,"WEB/Stock","8993560026806",1
,"WEB/Stock","8888071610012",6
,"WEB/Stock","8993560026035",8
,"WEB/Stock","8888071610036",5
,"WEB/Stock","8993560026721",6
,"WEB/Stock","8993560026707",2
,"WEB/Stock","9556111621517",1
,"WEB/Stock","8993560026059",5
,"WEB/Stock","9556111621524",3
,"WEB/Stock","8993560026080",6
,"WEB/Stock","8993560026097",0
,"WEB/Stock","9556111410036",1
,"WEB/Stock","9556111410012",1
,"WEB/Stock","8993560027254",0
,"WEB/Stock","8993560027001",0
,"WEB/Stock","3028804",0
,"WEB/Stock","9556111620343",1
,"WEB/Stock","8993560027568",0
,"WEB/Stock","8993560027216",0
,"WEB/Stock","8993560027209",1
,"WEB/Stock","8993560027223",1
,"WEB/Stock","8993560027100",0
,"WEB/Stock","8993560027148",3
,"WEB/Stock","8993560027155",1
,"WEB/Stock","8993560027179",3
,"WEB/Stock","8993560027537",0
,"WEB/Stock","8993560027544",1
,"WEB/Stock","8993560027629",0
,"WEB/Stock","8993560027612",0
,"WEB/Stock","9300830042913",5
,"WEB/Stock","859581006532",0
,"WEB/Stock","8999999030605",1
,"WEB/Stock","8999999518370",0
,"WEB/Stock","4000388177000",0
,"WEB/Stock","8717163023839",0
,"WEB/Stock","8999999526634",5
,"WEB/Stock","9300830037803",4
,"WEB/Stock","9300830037810",0
,"WEB/Stock","8999999005580",2
,"WEB/Stock","8999999537302",2
,"WEB/Stock","859581006549",0
,"WEB/Stock","9300830037841",5
,"WEB/Stock","8999999039172",1
,"WEB/Stock","4902430928779",3
,"WEB/Stock","TW-DRENZIM-002-2",3
,"WEB/Stock","9412031260056",0
,"WEB/Stock","9412031260055",0
,"WEB/Stock","18787774328",0
,"WEB/Stock","9412031260058",0
,"WEB/Stock","18787111116",1
,"WEB/Stock","18787775080",2
,"WEB/Stock","18787765166",0
,"WEB/Stock","18787775325",1
,"WEB/Stock","18787767085",0
,"WEB/Stock","18787767160",0
,"WEB/Stock","18787767023",0
,"WEB/Stock","18787767320",0
,"WEB/Stock","18787764169",0
,"WEB/Stock","18787772324",0
,"WEB/Stock","18787762165",1
,"WEB/Stock","9412031260057",1
,"WEB/Stock","4710020050126",3
,"WEB/Stock","4710020050119",3
,"WEB/Stock","5038483223444",5
,"WEB/Stock","5038483158548",2
,"WEB/Stock","5038483158302",1
,"WEB/Stock","5038483158272",3
,"WEB/Stock","5038483158364",1
,"WEB/Stock","5038483158333",1
,"WEB/Stock","8993560155377",1
,"WEB/Stock","5038483223505",1
,"WEB/Stock","8104883",2
,"WEB/Stock","5038483193228",2
,"WEB/Stock","5038483163498",2
,"WEB/Stock","5038483273173",1
,"WEB/Stock","5038483432846",10
,"WEB/Stock","5038483274033",1
,"WEB/Stock","5038483158395",2
,"WEB/Stock","5038483158456",1
,"WEB/Stock","8993176816556",0
,"WEB/Stock","8993417206221",0
,"WEB/Stock","KINO0087",0
,"WEB/Stock","KINO0085",0
,"WEB/Stock","KINO0105",1
,"WEB/Stock","8993417200489",0
,"WEB/Stock","8712045027950",3
,"WEB/Stock","8712045028216",2
,"WEB/Stock","TP-8992980117156-2",5
,"WEB/Stock","8992980117118",10
,"WEB/Stock","VP-8992980117118-5",3
,"WEB/Stock","8992980117033",1
,"WEB/Stock","VP-8992980117033-4",3
,"WEB/Stock","8992980114001",0
,"WEB/Stock","VP-8992980114001-3",3
,"WEB/Stock","8992980117187",0
,"WEB/Stock","TP-8992980117187-2",0
,"WEB/Stock","8992980117279",3
,"WEB/Stock","VP-8992980117279-3",3
,"WEB/Stock","8992980117217",3
,"WEB/Stock","VP-8992980117217-3",1
,"WEB/Stock","8992980117101",1
,"WEB/Stock","TP-8992980117101-2",6
,"WEB/Stock","8998667101401",1
,"WEB/Stock","8997220240243",1
,"WEB/Stock","8997220240151",0
,"WEB/Stock","8997220240007",1
,"WEB/Stock","8997220240250",1
,"WEB/Stock","8997220240182",1
,"WEB/Stock","8997220240205",2
,"WEB/Stock","8997220240168",1
,"WEB/Stock","8997220240175",1
,"WEB/Stock","8997220240076",1
,"WEB/Stock","8997220240083",2
,"WEB/Stock","8994942006669",1
,"WEB/Stock","8994942006096",1
,"WEB/Stock","9555163307332",1
,"WEB/Stock","9556564126010",1
,"WEB/Stock","8997013610024",2
,"WEB/Stock","FG-3401528521157",0
,"WEB/Stock","FG-BIO-SNP500",8
,"WEB/Stock","Gift-00076",2
,"WEB/Stock","FarmaFest-FM20",5
,"WEB/Stock","FarmaFest-FM50",2
,"WEB/Stock","Gift-00075",23
,"WEB/Stock","Gift-00078",10
,"WEB/Stock","Gift-00070",3
,"WEB/Stock","Gift-00041",6
,"WEB/Stock","Gift-00007",1
,"WEB/Stock","Gift-00004",2
,"WEB/Stock","Gift-00009",1
,"WEB/Stock","Gift-00014",1
,"WEB/Stock","Gift-00015",1
,"WEB/Stock","Gift-00011",1
,"WEB/Stock","Freeman-0006",1
,"WEB/Stock","Freeman-0018",0
,"WEB/Stock","18770",0
,"WEB/Stock","Freeman-0015",0
,"WEB/Stock","Freeman-0014",0
,"WEB/Stock","Freeman-0017",7
,"WEB/Stock","18790",0
,"WEB/Stock","Freeman-0012",1
,"WEB/Stock","Freeman-0001",0
,"WEB/Stock","Freeman-0010",1
,"WEB/Stock","Freeman-0011",0
,"WEB/Stock","Freeman-0004",2
,"WEB/Stock","Freeman-0007",4
,"WEB/Stock","Freeman-0008",0
,"WEB/Stock","Freeman-0003",1
,"WEB/Stock","Freeman-0002",1
,"WEB/Stock","Freeman-0005",1
,"WEB/Stock","Freeman-0013-3",1
,"WEB/Stock","Freeman-0009",1
,"WEB/Stock","8998667400191",1
,"WEB/Stock","8998667400351",1
,"WEB/Stock","FREZZA-001",2
,"WEB/Stock","8997279103100",1
,"WEB/Stock","9554100252810B",1
,"WEB/Stock","9554100252841",3
,"WEB/Stock","9554100252865",2
,"WEB/Stock","AGBP190360",1
,"WEB/Stock","8997279103155",1
,"WEB/Stock","8997279105067",1
,"WEB/Stock","9332059000023",5
,"WEB/Stock","9332059000559",6
,"WEB/Stock","9332059000344",7
,"WEB/Stock","9332059000061",10
,"WEB/Stock","9332059000740",4
,"WEB/Stock","9332059000016",4
,"WEB/Stock","9332059000351",7
,"WEB/Stock","GAIA-NB-SK-1",2
,"WEB/Stock","8997212780016",0
,"WEB/Stock","8997212780016-5",1
,"WEB/Stock","8997212780047",0
,"WEB/Stock","6902395661139",1
,"WEB/Stock","6970175256837",1
,"WEB/Stock","8994993002429",1
,"WEB/Stock","8992304019524",1
,"WEB/Stock","8992304082221",1
,"WEB/Stock","8992304096273",1
,"WEB/Stock","8994993003662",0
,"WEB/Stock","8992304046940",1
,"WEB/Stock","7702018001538",2
,"WEB/Stock","4902430508865",3
,"WEB/Stock","4902430733298",1
,"WEB/Stock","4902430733021",0
,"WEB/Stock","7702018880010",0
,"WEB/Stock","8888826016243",2
,"WEB/Stock","47400245105",0
,"WEB/Stock","9556149001053",4
,"WEB/Stock","47400247307",1
,"WEB/Stock","7702018080984",3
,"WEB/Stock","7702018977819",3
,"WEB/Stock","3014260220051",2
,"WEB/Stock","3014260214692",1
,"WEB/Stock","47400179349",2
,"WEB/Stock","7702018996575",2
,"WEB/Stock","4902430689380",2
,"WEB/Stock","3014260274917",4
,"WEB/Stock","4902430792851",0
,"WEB/Stock","7702018038183",3
,"WEB/Stock","8888826016182",3
,"WEB/Stock","3014260301705",1
,"WEB/Stock","8888826016175",3
,"WEB/Stock","7702018366262",4
,"WEB/Stock","4902430875905",4
,"WEB/Stock","8858947820616",1
,"WEB/Stock","8858947820517",2
,"WEB/Stock","8858947820319",2
,"WEB/Stock","8858947820814",1
,"WEB/Stock","8858947820128",1
,"WEB/Stock","Gift-00081",3
,"WEB/Stock","8992821102983",1
,"WEB/Stock","8992821102471",0
,"WEB/Stock","8992821102457",0
,"WEB/Stock","8992821102730",2
,"WEB/Stock","8992821101771",1
,"WEB/Stock","8992821101757",0
,"WEB/Stock","8992821101764",1
,"WEB/Stock","8992821101788",2
,"WEB/Stock","4901417628985",1
,"WEB/Stock","4901417630681",1
,"WEB/Stock","4901417628978",2
,"WEB/Stock","4901417630995",2
,"WEB/Stock","VP-CETAPHIL-002",3
,"WEB/Stock","8999777765392",1
,"WEB/Stock","8809532220212",1
,"WEB/Stock","8809532220205",2
,"WEB/Stock","8809532220199",3
,"WEB/Stock","4902430110648",5
,"WEB/Stock","4902430753357",0
,"WEB/Stock","4902430752725",0
,"WEB/Stock","4987176047083",3
,"WEB/Stock","4902430110747",0
,"WEB/Stock","FO-4902430110747",1
,"WEB/Stock","4987176046369",3
,"WEB/Stock","4987176046352",3
,"WEB/Stock","4902430430715",1
,"WEB/Stock","4902430102254",0
,"WEB/Stock","4902430400671",4
,"WEB/Stock","4902430565585",3
,"WEB/Stock","4902430506977",4
,"WEB/Stock","4902430582704",2
,"WEB/Stock","4902430102247",0
,"WEB/Stock","4902430411776",12
,"WEB/Stock","4902430281331",92
,"WEB/Stock","4902430397964",35
,"WEB/Stock","4902430706056",1
,"WEB/Stock","4902430507066",1
,"WEB/Stock","4902430506939",1
,"WEB/Stock","4902430553643",19
,"WEB/Stock","4902430556392",85
,"WEB/Stock","4902430553692",0
,"WEB/Stock","4902430553650",15
,"WEB/Stock","4902430876186",1
,"WEB/Stock","4902430307901",19
,"WEB/Stock","4902430397827",4
,"WEB/Stock","4902430430999",1
,"WEB/Stock","4902430869126",9
,"WEB/Stock","4987176046284",3
,"WEB/Stock","4902430752695",9
,"WEB/Stock","4902430752701",29
,"WEB/Stock","4902430753340",3
,"WEB/Stock","4902430752619",2
,"WEB/Stock","4902430752626",54
,"WEB/Stock","4902430869140",2
,"WEB/Stock","8999908210005",5
,"WEB/Stock","8999908386809",4
,"WEB/Stock"," 8999908386809",0
,"WEB/Stock","8999908205506",5
,"WEB/Stock","8001090222879",4
,"WEB/Stock","8001090222459",5
,"WEB/Stock","4902430163798",2
,"WEB/Stock","8001090222756",5
,"WEB/Stock","8001090222510",4
,"WEB/Stock","4902430118651",4
,"WEB/Stock","8001090222930",6
,"WEB/Stock","8001090222572",3
,"WEB/Stock","8001090222848",7
,"WEB/Stock","8001090222428",3
,"WEB/Stock","4902430118804",9
,"WEB/Stock","8001090222725",3
,"WEB/Stock","8001090222480",5
,"WEB/Stock","4902430118798",3
,"WEB/Stock","4902430633277",6
,"WEB/Stock","8001090222909",5
,"WEB/Stock","8001090222541",2
,"WEB/Stock","Holisticare-01",0
,"WEB/Stock","8992863125001",0
,"WEB/Stock","8992863661035",0
,"WEB/Stock","8992863500112",8
,"WEB/Stock","8992863500105",6
,"WEB/Stock","FM-WX10201938",4
,"WEB/Stock","8998777142400",11
,"WEB/Stock","8998777142332",5
,"WEB/Stock","8998103017662",3
,"WEB/Stock","8998103017648",3
,"WEB/Stock","Intance-01",2
,"WEB/Stock","CTN-Intance-01-36",9
,"WEB/Stock","8993417097317",1
,"WEB/Stock","8992696428591",2
,"WEB/Stock","115016",3
,"WEB/Stock","115010",3
,"WEB/Stock","SALIVA-TEST-OO1",1
,"WEB/Stock","8991111101323",1
,"WEB/Stock","8991111109114",1
,"WEB/Stock","8991111101415",2
,"WEB/Stock","9556006012413",1
,"WEB/Stock","8998866107846",0
,"WEB/Stock","8998866107822",1
,"WEB/Stock","8998866107754",0
,"WEB/Stock","8998866107747",0
,"WEB/Stock","8998866105279",0
,"WEB/Stock","8998866105286",1
,"WEB/Stock","8998866105255",0
,"WEB/Stock","8998866105262",0
,"WEB/Stock","4806520410444",1
,"WEB/Stock","4809013300093",0
,"WEB/Stock","8998667400948",0
,"WEB/Stock","KS-SM-002",2
,"WEB/Stock","KS-SM-001",2
,"WEB/Stock","KS-SM-004",2
,"WEB/Stock","KS-SM-003",2
,"WEB/Stock","KS-SC-005",0
,"WEB/Stock","LANORE-003",1
,"WEB/Stock","LANORE-004",1
,"WEB/Stock","LANORE-005",1
,"WEB/Stock","LANORE-007",1
,"WEB/Stock","LANORE-008",2
,"WEB/Stock","LANORE-006",2
,"WEB/Stock","LANORE-001",2
,"WEB/Stock","LANORE-002",1
,"WEB/Stock","8992727003087",0
,"WEB/Stock","9555074314337",1
,"WEB/Stock","9555074316126",1
,"WEB/Stock","9555074316119",1
,"WEB/Stock","9555074300927",1
,"WEB/Stock","9555074300934",0
,"WEB/Stock","9555074300316",1
,"WEB/Stock","6920855052068",35
,"WEB/Stock","8999999508616",11
,"WEB/Stock","CTN-8999999508616-60",3
,"WEB/Stock","8992821103119",1
,"WEB/Stock","8992821100088",1
,"WEB/Stock","800142386099",0
,"WEB/Stock","800142384392",0
,"WEB/Stock","800142384569",0
,"WEB/Stock","800142384552",2
,"WEB/Stock","800142384576",1
,"WEB/Stock","800142384545",1
,"WEB/Stock","81640030",1
,"WEB/Stock","2832414",3
,"WEB/Stock","2822314",3
,"WEB/Stock","2822514",0
,"WEB/Stock","2832514",5
,"WEB/Stock","2814336",2
,"WEB/Stock","2842318",2
,"WEB/Stock","1342104",3
,"WEB/Stock","2842218",3
,"WEB/Stock","8993189272127",1
,"WEB/Stock","8999908618801",0
,"WEB/Stock","8999908618702",0
,"WEB/Stock","8999908806406",1
,"WEB/Stock","8999908629203",1
,"WEB/Stock","8999908728500",3
,"WEB/Stock","8999908728708",3
,"WEB/Stock","8999908615909",5
,"WEB/Stock","8999908850508",3
,"WEB/Stock","8999908611208",5
,"WEB/Stock","8999908611307",5
,"WEB/Stock","8999908850607",0
,"WEB/Stock","Masker-20",37
,"WEB/Stock","Masker-Box-01",14
,"WEB/Stock","Ekonomismask-01",384
,"WEB/Stock","Masker-20S",42
,"WEB/Stock","Mask-002",1
,"WEB/Stock","Mask-0001",1
,"WEB/Stock","8809261555753",1
,"WEB/Stock","8809261554930",4
,"WEB/Stock","8809261554893",5
,"WEB/Stock","8809261554916",1
,"WEB/Stock","8809261554855",2
,"WEB/Stock","8809261555777",2
,"WEB/Stock","8809261555791",4
,"WEB/Stock","8809261555784",4
,"WEB/Stock","FM-WX10202387",6
,"WEB/Stock","4901301236852",0
,"WEB/Stock","4901301260901",2
,"WEB/Stock","Melanox-07",2
,"WEB/Stock","Melanox-03",1
,"WEB/Stock","Melanox-02",4
,"WEB/Stock","Melanox-01",5
,"WEB/Stock","Melanox-04",8
,"WEB/Stock","Melanox-05",7
,"WEB/Stock","Melanox-06",12
,"WEB/Stock","4901301508881",1
,"WEB/Stock","CTN-4901301508881-8",1
,"WEB/Stock","4901301508867",1
,"WEB/Stock","CTN-4901301508867-8",0
,"WEB/Stock","4901301508874",0
,"WEB/Stock","8992727005401",1
,"WEB/Stock","CTN-8992727005418-4",1
,"WEB/Stock","CTN-8992727006118-4",2
,"WEB/Stock","8992727005364",1
,"WEB/Stock","CTN-8992727005364-6",1
,"WEB/Stock","CTN-8992727005371-4",1
,"WEB/Stock","8992727006101",1
,"WEB/Stock","CTN-8992727006101-4",1
,"WEB/Stock","8992727005333",1
,"WEB/Stock","CTN-8992727005333-6",1
,"WEB/Stock","8992727006484",1
,"WEB/Stock","8992727005456",1
,"WEB/Stock","CTN-8992727005456-4",1
,"WEB/Stock","8992727006491",0
,"WEB/Stock","4901301508928",1
,"WEB/Stock","CTN-4901301508928-6",1
,"WEB/Stock","4901301508911",1
,"WEB/Stock","CTN-4901301508911-6",1
,"WEB/Stock","4901301508935",1
,"WEB/Stock","101820601",1
,"WEB/Stock","745110120551",1
,"WEB/Stock","299998128869",3
,"WEB/Stock","299998154509",6
,"WEB/Stock","299998154493",8
,"WEB/Stock","299998152987",6
,"WEB/Stock","299998153366",8
,"WEB/Stock","299998128913",6
,"WEB/Stock","299998153342",6
,"WEB/Stock","299998153359",6
,"WEB/Stock","299998154486",6
,"WEB/Stock","299998128876",5
,"WEB/Stock","299998128890",3
,"WEB/Stock","299998154516",7
,"WEB/Stock","299998154479",6
,"WEB/Stock","299998155094",6
,"WEB/Stock","299998128906",2
,"WEB/Stock","299998128883",5
,"WEB/Stock","8997031030279",0
,"WEB/Stock","8997031030248",1
,"WEB/Stock","8997031030262",1
,"WEB/Stock","8997031030187",1
,"WEB/Stock","8997031030217",4
,"WEB/Stock","8997031030200",1
,"WEB/Stock","8997031030231",1
,"WEB/Stock","8992802180016-1",1
,"WEB/Stock","8992802004039",0
,"WEB/Stock","8992802004022",1
,"WEB/Stock","8992802004046",0
,"WEB/Stock","9555436904015",1
,"WEB/Stock","9555436903728",0
,"WEB/Stock","8999908043108",0
,"WEB/Stock","8999908060402",1
,"WEB/Stock","8999908060501",1
,"WEB/Stock","8999908460707",0
,"WEB/Stock","8999908427502",2
,"WEB/Stock","8999908388902",2
,"WEB/Stock","8999908388704",2
,"WEB/Stock","8999908045904",1
,"WEB/Stock","8999908526403",1
,"WEB/Stock","8999908374103",1
,"WEB/Stock","8999908596901",0
,"WEB/Stock","8999908208408",1
,"WEB/Stock","8999908208705",1
,"WEB/Stock","8999908660404",0
,"WEB/Stock","8999908392800",0
,"WEB/Stock","8999908204202",8
,"WEB/Stock","8999908284907",0
,"WEB/Stock","8999908831507",3
,"WEB/Stock","8999908432506",2
,"WEB/Stock","8999908432605",1
,"WEB/Stock","8999908060105",2
,"WEB/Stock","8999908060006",1
,"WEB/Stock","8999908208101",2
,"WEB/Stock","8999908042606",0
,"WEB/Stock","8999908318008",0
,"WEB/Stock","8999908054104",1
,"WEB/Stock","8999908318107",0
,"WEB/Stock","8999908054005",0
,"WEB/Stock","8999908243201",0
,"WEB/Stock","MLT068",2
,"WEB/Stock","MLT067",2
,"WEB/Stock","MLT066",2
,"WEB/Stock","MLT065",2
,"WEB/Stock","MLT061",1
,"WEB/Stock","MLT059",0
,"WEB/Stock","8999999535179",1
,"WEB/Stock","8999999535308",1
,"WEB/Stock","8999999535087",1
,"WEB/Stock","8999999535155",1
,"WEB/Stock","8999999535001",4
,"WEB/Stock","8999809103598",0
,"WEB/Stock","8999908569301",0
,"WEB/Stock","8999908030108",2
,"WEB/Stock","8999908767301",1
,"WEB/Stock","8999908030207",1
,"WEB/Stock","8999908030900",0
,"WEB/Stock","85300000257",0
,"WEB/Stock","330523201777",0
,"WEB/Stock","530523202365",1
,"WEB/Stock","246542327773",0
,"WEB/Stock","530523202150",1
,"WEB/Stock","730523203779",0
,"WEB/Stock","652389760121",1
,"WEB/Stock","923056080874",1
,"WEB/Stock","530523201337",0
,"WEB/Stock","530523223391",4
,"WEB/Stock","730523203359",0
,"WEB/Stock","807205108544",1
,"WEB/Stock","807205104942",2
,"WEB/Stock","807205112527",0
,"WEB/Stock","807205105284",3
,"WEB/Stock","807205064390",2
,"WEB/Stock","807205104447",1
,"WEB/Stock","807205010519",3
,"WEB/Stock","807205111155",2
,"WEB/Stock","807205104928",0
,"WEB/Stock","807205105260",0
,"WEB/Stock","807205109978",2
,"WEB/Stock","807205105345",1
,"WEB/Stock","807205104850",0
,"WEB/Stock","807205105253",1
,"WEB/Stock","807205109619",1
,"WEB/Stock","807205111681",0
,"WEB/Stock","807205105321",3
,"WEB/Stock","807205104492",1
,"WEB/Stock","807205104485",1
,"WEB/Stock","807205009711",0
,"WEB/Stock","807205104478",1
,"WEB/Stock","807205104874",1
,"WEB/Stock","807205104904",4
,"WEB/Stock","807205104393",2
,"WEB/Stock","807205104348",0
,"WEB/Stock","97467010420",0
,"WEB/Stock","9314807072698",3
,"WEB/Stock","9314807068011",3
,"WEB/Stock","9314807071950",3
,"WEB/Stock","8999908260208",2
,"WEB/Stock"," 8999908260208",0
,"WEB/Stock","8999908057105",6
,"WEB/Stock"," 8999908057105",0
,"WEB/Stock","8999908050601",5
,"WEB/Stock"," 8999908050601",0
,"WEB/Stock","8999908678300",5
,"WEB/Stock"," 8999908678300",0
,"WEB/Stock","8999908273406",5
,"WEB/Stock","8999908654502",5
,"WEB/Stock","121383",0
,"WEB/Stock","8809381444234x8",2
,"WEB/Stock","NEOGEN-DLPS-50",1
,"WEB/Stock","Neogen-01",1
,"WEB/Stock","8809381447259",6
,"WEB/Stock","8999777013202",1
,"WEB/Stock","8999777005351",1
,"WEB/Stock","8999777011383",2
,"WEB/Stock","8999777010973",1
,"WEB/Stock","8999777008567",1
,"WEB/Stock","8999777000165",1
,"WEB/Stock","8999777006693",1
,"WEB/Stock","8999777850616",1
,"WEB/Stock","8999777006785",1
,"WEB/Stock","8999777007119",1
,"WEB/Stock","8999777010942",0
,"WEB/Stock","8999777010553",1
,"WEB/Stock","4005808694822",0
,"WEB/Stock","8999777010522",1
,"WEB/Stock","8999777012083",0
,"WEB/Stock","8999777014230",0
,"WEB/Stock","4005808430208",1
,"WEB/Stock","8999777857875",1
,"WEB/Stock","8993176190014",0
,"WEB/Stock","DN0002",1
,"WEB/Stock","DN0004",0
,"WEB/Stock","DN0018",1
,"WEB/Stock","DN0020",1
,"WEB/Stock","DN0023",1
,"WEB/Stock","DN0010",1
,"WEB/Stock","DN0033",1
,"WEB/Stock","8712045027912",1
,"WEB/Stock","7613034287274",1
,"WEB/Stock","7613034287137",0
,"WEB/Stock","Nutribaby_001",0
,"WEB/Stock","8990057804206",1
,"WEB/Stock","8990057804305",1
,"WEB/Stock","8990057816315",1
,"WEB/Stock","8990057806309",2
,"WEB/Stock","8990057816414",1
,"WEB/Stock","8935757253329",0
,"WEB/Stock","NPBP60",0
,"WEB/Stock","CCS",1
,"WEB/Stock","C-MAX-001",0
,"WEB/Stock","8935757253572",0
,"WEB/Stock","CPA30",0
,"WEB/Stock","8935757253237",0
,"WEB/Stock","NMVT60",0
,"WEB/Stock","8935757257358",0
,"WEB/Stock","ND30",1
,"WEB/Stock","ECH30",0
,"WEB/Stock","HER60",0
,"WEB/Stock","LVG30",1
,"WEB/Stock","NSLA30",0
,"WEB/Stock","NUTRINIDRINK-PV-400",0
,"WEB/Stock","8998866601252",1
,"WEB/Stock","8998866609753",0
,"WEB/Stock","8998866601283",1
,"WEB/Stock","8998866609722",1
,"WEB/Stock","8998866609746",0
,"WEB/Stock","8998866601313",1
,"WEB/Stock","8998866609739",1
,"WEB/Stock","3264680004063",0
,"WEB/Stock","9300618551767",0
,"WEB/Stock","4902430875554-3",1
,"WEB/Stock","4902430875516-3",1
,"WEB/Stock","4902430787475",1
,"WEB/Stock","4902430753326",2
,"WEB/Stock","4902430759342",3
,"WEB/Stock","4902430787468",1
,"WEB/Stock","VP-00383",3
,"WEB/Stock","4902430625760",4
,"WEB/Stock","4902430242875",7
,"WEB/Stock","4902430558754",3
,"WEB/Stock","4902430293341",3
,"WEB/Stock","4902430735544",1
,"WEB/Stock","4902430917681",3
,"WEB/Stock","4902430822237-3",2
,"WEB/Stock","4902430822237-5",2
,"WEB/Stock","4902430917964",2
,"WEB/Stock","4902430208093",1
,"WEB/Stock","4902430188937",2
,"WEB/Stock","4902430917957",3
,"WEB/Stock","4902430799997",6
,"WEB/Stock","4902430799874",4
,"WEB/Stock","4902430799904",3
,"WEB/Stock","VP-OLAY-RPAA+ECR",2
,"WEB/Stock","VP-Olay-002",2
,"WEB/Stock","VP-Olay-001",3
,"WEB/Stock","4902430715218",1
,"WEB/Stock","4902430359719",6
,"WEB/Stock","4902430359733",2
,"WEB/Stock","4902430359764",1
,"WEB/Stock","4902430360906",2
,"WEB/Stock","4902430360111",7
,"WEB/Stock","4902430359818",2
,"WEB/Stock","4902430359832",3
,"WEB/Stock","4902430359856",3
,"WEB/Stock","4902430360142",5
,"WEB/Stock","4902430359825",6
,"WEB/Stock","4902430799836",1
,"WEB/Stock","4902430799867",2
,"WEB/Stock","4902430292962",5
,"WEB/Stock","4902430232265",3
,"WEB/Stock","4902430232227",3
,"WEB/Stock","4902430114479",4
,"WEB/Stock","4902430377089",1
,"WEB/Stock","4902430200059",1
,"WEB/Stock","4902430799911",2
,"WEB/Stock","4902430800037",4
,"WEB/Stock","4902430799928",2
,"WEB/Stock","ONESTEP-HIV-1",0
,"WEB/Stock","3014260803957",5
,"WEB/Stock","4902430390170",5
,"WEB/Stock","4902430403900",0
,"WEB/Stock","3014260803926",3
,"WEB/Stock","4902430390095",1
,"WEB/Stock","4902430403856",0
,"WEB/Stock","4210201028079",5
,"WEB/Stock","4902430390118",2
,"WEB/Stock","4902430503235",3
,"WEB/Stock","4210201028192",0
,"WEB/Stock","4902430678278",0
,"WEB/Stock","3014260821852",2
,"WEB/Stock","3014260842857",3
,"WEB/Stock","4902430534680",5
,"WEB/Stock","4902430539159",1
,"WEB/Stock","4902430534659",3
,"WEB/Stock","3014260842895",2
,"WEB/Stock","3014260840723",0
,"WEB/Stock","3014260842918",5
,"WEB/Stock","3014260840754",0
,"WEB/Stock","3014260819217",3
,"WEB/Stock","3014260819033",0
,"WEB/Stock","3014260819057",1
,"WEB/Stock","4902430534611",3
,"WEB/Stock","9300647000342",8
,"WEB/Stock","4902430678421",1
,"WEB/Stock","VP-OB-PSGK",3
,"WEB/Stock","VP-OB-PSGS-PG",3
,"WEB/Stock","VP-OB-PSGW",3
,"WEB/Stock","3014260007867",10
,"WEB/Stock","3014260007836",4
,"WEB/Stock","4902430534635",5
,"WEB/Stock","9300647788691",5
,"WEB/Stock","4902430906463",0
,"WEB/Stock","4902430906487",0
,"WEB/Stock","3014260279462",0
,"WEB/Stock","3014260279400",1
,"WEB/Stock","3014260279387",2
,"WEB/Stock","3014260279059",0
,"WEB/Stock","9300647000922",1
,"WEB/Stock","4902430869652",3
,"WEB/Stock","4902430599610",2
,"WEB/Stock","4902430599634",1
,"WEB/Stock","4902430599597",2
,"WEB/Stock","8998103014821",3
,"WEB/Stock","8998103014814",3
,"WEB/Stock","8998103014869",1
,"WEB/Stock","8998103014852",1
,"WEB/Stock","8993417070228",3
,"WEB/Stock","8993417361227",1
,"WEB/Stock","8993417361210",2
,"WEB/Stock","8993417010033",9
,"WEB/Stock","8993417001277",0
,"WEB/Stock","8993417364952",1
,"WEB/Stock","8993417364914",1
,"WEB/Stock","8992846223809",0
,"WEB/Stock","8995232700069",2
,"WEB/Stock","4902430610520",1
,"WEB/Stock","4902430610575",0
,"WEB/Stock","VP-PPPC-P-L62-3",2
,"WEB/Stock","VP-PPPC-P-M30-3",3
,"WEB/Stock","4902430613262",2
,"WEB/Stock","4902430610506",0
,"WEB/Stock","VP-PPPC-P-M68-3",1
,"WEB/Stock","4902430610834",0
,"WEB/Stock","4902430610582",1
,"WEB/Stock","4902430610599",1
,"WEB/Stock","4902430610612",1
,"WEB/Stock","4902430610346",1
,"WEB/Stock","VP-PPPC-P-XL54-3",8
,"WEB/Stock","4902430635424",1
,"WEB/Stock","VP-PPPC-P-XXL28-4",1
,"WEB/Stock","4902430763370",1
,"WEB/Stock","4902430764995",1
,"WEB/Stock","VP-PPPC-P-NB52-4",3
,"WEB/Stock","VP-PPPC-P-S48-4",4
,"WEB/Stock","4902430623636",1
,"WEB/Stock","4902430623643",0
,"WEB/Stock","4902430623643",0
,"WEB/Stock","4902430792158",1
,"WEB/Stock","4902430594899",1
,"WEB/Stock","4902430879149",3
,"WEB/Stock","4902430879613",3
,"WEB/Stock","4902430401036",1
,"WEB/Stock","4902430400978",1
,"WEB/Stock","4902430401029",1
,"WEB/Stock","4902430399432",0
,"WEB/Stock","4902430879101",3
,"WEB/Stock","4902430879019",3
,"WEB/Stock","4902430879125",1
,"WEB/Stock","4902430879033",3
,"WEB/Stock","4902430879118",4
,"WEB/Stock","4902430879026",1
,"WEB/Stock","4902430869249",2
,"WEB/Stock","4902430832748",0
,"WEB/Stock","4902430792240",2
,"WEB/Stock","4902430792202",1
,"WEB/Stock","4902430792233",1
,"WEB/Stock","4902430889353",22
,"WEB/Stock","4902430400947",1
,"WEB/Stock","4902430807258",1
,"WEB/Stock","4902430413008",51
,"WEB/Stock","4902430401135",0
,"WEB/Stock","4902430404716",2
,"WEB/Stock","4902430782210",59
,"WEB/Stock","4902430594929",1
,"WEB/Stock","4902430594936",2
,"WEB/Stock","FO-4902430594936",1
,"WEB/Stock","4902430596268",1
,"WEB/Stock","4902430538602",3
,"WEB/Stock","4902430538626",1
,"WEB/Stock","4902430538633",0
,"WEB/Stock","4902430879064",0
,"WEB/Stock","4902430879057",0
,"WEB/Stock","4902430400886",2
,"WEB/Stock","4902430377287",0
,"WEB/Stock","4902430412988",65
,"WEB/Stock","4902430404686",63
,"WEB/Stock","4902430459617",8
,"WEB/Stock","4902430807319",0
,"WEB/Stock","4902430401111",3
,"WEB/Stock","4902430807333",1
,"WEB/Stock","4902430414937",4
,"WEB/Stock","4902430538695",5
,"WEB/Stock","4902430400909",3
,"WEB/Stock","4902430400879",1
,"WEB/Stock","4902430807296",1
,"WEB/Stock","4902430412971",12
,"WEB/Stock","4902430459624",30
,"WEB/Stock","4902430412964",49
,"WEB/Stock","4902430404709",39
,"WEB/Stock","4902430399340",26
,"WEB/Stock","Parasol-07",32
,"WEB/Stock","FA-0020",0
,"WEB/Stock","Parasol-04",6
,"WEB/Stock","Parasol-01",11
,"WEB/Stock","8995232700151",19
,"WEB/Stock","8999999705985",1
,"WEB/Stock","8999999043261",1
,"WEB/Stock","8999999706661",2
,"WEB/Stock","8999999043285",1
,"WEB/Stock","8999999710866",2
,"WEB/Stock","7613034988942",1
,"WEB/Stock","7613036316965",1
,"WEB/Stock","4902508108690",2
,"WEB/Stock","4902508108683",2
,"WEB/Stock","8992771002388",3
,"WEB/Stock","8992771002395",0
,"WEB/Stock","8992771002951",0
,"WEB/Stock","8992771002555",0
,"WEB/Stock","8992771002562",2
,"WEB/Stock","8992771002425",1
,"WEB/Stock","8992771011229",5
,"WEB/Stock","8992771002944",1
,"WEB/Stock","8992771002333",3
,"WEB/Stock","8992771011168",1
,"WEB/Stock","8992771011151",6
,"WEB/Stock","8992771002630",2
,"WEB/Stock","8992771002586",4
,"WEB/Stock","8992771011144",5
,"WEB/Stock","8992771011137",3
,"WEB/Stock","8992771002609",18
,"WEB/Stock","4902508108225",5
,"WEB/Stock","4902508105835",4
,"WEB/Stock","8992771003217",4
,"WEB/Stock","8992771009950",1
,"WEB/Stock","8992771009677",1
,"WEB/Stock","8992771013162",1
,"WEB/Stock","8992771009943",1
,"WEB/Stock","4902508167512",1
,"WEB/Stock","4902508269025",4
,"WEB/Stock","4902508269018",1
,"WEB/Stock","4902508268967",1
,"WEB/Stock","8992771001466",1
,"WEB/Stock","8992771001459",1
,"WEB/Stock","8992771001442",1
,"WEB/Stock","8992771001626",1
,"WEB/Stock","8992771001619",1
,"WEB/Stock","8992771001602",1
,"WEB/Stock","8992771002470",0
,"WEB/Stock","8992771002463",5
,"WEB/Stock","4902508108430",1
,"WEB/Stock","PLACENTOR-0012",1
,"WEB/Stock","PLACENTOR-0001",1
,"WEB/Stock","PLACENTOR-0005",2
,"WEB/Stock","PLACENTOR-0014",1
,"WEB/Stock","PLACENTOR-0002",1
,"WEB/Stock","PLACENTOR-0003",2
,"WEB/Stock","PLACENTOR-0004",1
,"WEB/Stock","PLACENTOR-0011",1
,"WEB/Stock","PLACENTOR-0010",1
,"WEB/Stock","PLACENTOR-0009",1
,"WEB/Stock","PLACENTOR-0013",2
,"WEB/Stock","PLACENTOR-0007",1
,"WEB/Stock","8992695914569",0
,"WEB/Stock","8851932221603",1
,"WEB/Stock","8851932387163",0
,"WEB/Stock","8851932365901",2
,"WEB/Stock","8999999059934",1
,"WEB/Stock","8999999536053",1
,"WEB/Stock","8999999052997",2
,"WEB/Stock","8999999532222",11
,"WEB/Stock","8999999536060",1
,"WEB/Stock","8851932400794",2
,"WEB/Stock","8851932400787",1
,"WEB/Stock","8851932400831",1
,"WEB/Stock","8999999536077",2
,"WEB/Stock","8851932396547",1
,"WEB/Stock","8999999532208",9
,"WEB/Stock","8851932390361",1
,"WEB/Stock","8851932234429",9
,"WEB/Stock","8851932111805",0
,"WEB/Stock","8999999532215",5
,"WEB/Stock","8851932378925",2
,"WEB/Stock","8851932390392",1
,"WEB/Stock","8999999052980",1
,"WEB/Stock","8712045022436",1
,"WEB/Stock","BARCODE0014",1
,"WEB/Stock","686499325116",0
,"WEB/Stock","8995084900198",1
,"WEB/Stock","8999908764508",3
,"WEB/Stock","BANDED-PB-H&M-W-A-60",1
,"WEB/Stock","BANDED-PB-H&M-W-O-60",1
,"WEB/Stock","9999908764409",2
,"WEB/Stock","9999908764300",2
,"WEB/Stock","8995084900907",0
,"WEB/Stock","8995084900938",1
,"WEB/Stock","8995084900594",1
,"WEB/Stock","8995084900877",1
,"WEB/Stock","8995084900747",1
,"WEB/Stock","8995084900754",1
,"WEB/Stock","8993430173203",2
,"WEB/Stock","8993430173050",2
,"WEB/Stock","9314839011955",2
,"WEB/Stock","9314839014154",2
,"WEB/Stock","9314839014192",2
,"WEB/Stock","9314839016943",2
,"WEB/Stock","9314839013881",8
,"WEB/Stock","9314839012433",3
,"WEB/Stock","9314839004810",8
,"WEB/Stock","9314839005466",1
,"WEB/Stock","9314839003394",2
,"WEB/Stock","9314839003417",2
,"WEB/Stock","9314839004469",3
,"WEB/Stock","8994591070066",1
,"WEB/Stock","8994591070011",10
,"WEB/Stock","8994591070059",1
,"WEB/Stock","8994591070073",0
,"WEB/Stock","4902430428330",2
,"WEB/Stock","4902430452564",0
,"WEB/Stock","4902430849098",2
,"WEB/Stock","4902430849135",1
,"WEB/Stock","4902430849050",0
,"WEB/Stock","4902430851558",13
,"WEB/Stock","4902430849081",5
,"WEB/Stock","4902430849203",1
,"WEB/Stock","4902430851572",1
,"WEB/Stock","4902430849210",2
,"WEB/Stock","4902430772020",1
,"WEB/Stock","4902430772075",2
,"WEB/Stock","4902430772495",1
,"WEB/Stock","4902430772655",1
,"WEB/Stock","4902430772662",7
,"WEB/Stock","4902430429375",1
,"WEB/Stock","4902430450379",2
,"WEB/Stock","4902430429368",1
,"WEB/Stock","4902430428415",1
,"WEB/Stock","4902430450393",1
,"WEB/Stock","4902430428422",2
,"WEB/Stock","4902430428316",2
,"WEB/Stock","4902430450355",7
,"WEB/Stock","4902430396554",0
,"WEB/Stock","4902430450386",1
,"WEB/Stock","4902430450362",1
,"WEB/Stock","4902430432375",5
,"WEB/Stock","9314807061012",3
,"WEB/Stock","9314807054984",3
,"WEB/Stock","9314807010362",3
,"WEB/Stock","9314807010386",3
,"WEB/Stock","4987188512050",2
,"WEB/Stock","4710117600562",3
,"WEB/Stock","4710117601637",0
,"WEB/Stock","4891228410049",1
,"WEB/Stock","813301",1
,"WEB/Stock","872501",0
,"WEB/Stock","VP-SFB-002",2
,"WEB/Stock","872401",2
,"WEB/Stock","796601",1
,"WEB/Stock","796201",1
,"WEB/Stock","4891228460280",2
,"WEB/Stock","4891228460174",2
,"WEB/Stock","4891228480011",1
,"WEB/Stock","6937266702888",1
,"WEB/Stock","4891228430078",2
,"WEB/Stock","Scotts-004",1
,"WEB/Stock","SBMD-037",1
,"WEB/Stock","SBMD-008",1
,"WEB/Stock","SBMD-007",0
,"WEB/Stock","SBMD-010",0
,"WEB/Stock","SBMD-014",1
,"WEB/Stock","SBMD-016",2
,"WEB/Stock","SBMD-020",1
,"WEB/Stock","SBMD-022",1
,"WEB/Stock","SBMD-015",2
,"WEB/Stock","SBMD-045",2
,"WEB/Stock","SBMD-044",2
,"WEB/Stock","SBMD-046",0
,"WEB/Stock","SBMD-048",1
,"WEB/Stock","SBMD-041",2
,"WEB/Stock","SBMD-043",1
,"WEB/Stock","8992821100774",1
,"WEB/Stock","4901872461998",3
,"WEB/Stock","4909978155544",1
,"WEB/Stock","4901872462087",3
,"WEB/Stock","4909978146450",2
,"WEB/Stock","4901872469413",1
,"WEB/Stock","4901872444915",0
,"WEB/Stock","4909978146436",1
,"WEB/Stock","4909978146467",3
,"WEB/Stock","4901872451708",2
,"WEB/Stock","4909978146191",3
,"WEB/Stock","8885012970211",1
,"WEB/Stock","8885012970228",1
,"WEB/Stock","8885012970235",3
,"WEB/Stock","8885012970242",2
,"WEB/Stock","7237845395425BLACK",1
,"WEB/Stock","7237845395425BLUE",1
,"WEB/Stock","7237845395425GREY",1
,"WEB/Stock","7237845395425PURPLE",1
,"WEB/Stock","7237845395425WHITE",1
,"WEB/Stock","FA-01008",1
,"WEB/Stock","FA-01009",1
,"WEB/Stock","FA-01010",1
,"WEB/Stock","7237841111425",1
,"WEB/Stock","7237846324417",1
,"WEB/Stock","FM-WX10202564",1
,"WEB/Stock","FM-WX10202551",3
,"WEB/Stock","7237846472422",1
,"WEB/Stock","8991991584063",0
,"WEB/Stock","8991991574064",0
,"WEB/Stock","Sensodyne-018",3
,"WEB/Stock","Sensodyne-017",3
,"WEB/Stock","8992695554062",1
,"WEB/Stock","8992695744067",1
,"WEB/Stock","8992695785169",0
,"WEB/Stock","Sensodyne-010",0
,"WEB/Stock","8992695764065",0
,"WEB/Stock","8998866106788",0
,"WEB/Stock","8998866106863",0
,"WEB/Stock","8998866106870",0
,"WEB/Stock","8999099920684",1
,"WEB/Stock","8999099920691",0
,"WEB/Stock","8999099920714",0
,"WEB/Stock","8999099920721",1
,"WEB/Stock","8999099920738",0
,"WEB/Stock","4151100",1
,"WEB/Stock","8992821102822",2
,"WEB/Stock","8992821102839",4
,"WEB/Stock","8992821101290",1
,"WEB/Stock","8992821101283",1
,"WEB/Stock","KINO0341",1
,"WEB/Stock","8993417265211",1
,"WEB/Stock","KINO0344",1
,"WEB/Stock","8993417227318",1
,"WEB/Stock","8993417227714",1
,"WEB/Stock","SMT39",2
,"WEB/Stock","SMT40",2
,"WEB/Stock","8858718639348",0
,"WEB/Stock","SMT11",1
,"WEB/Stock","SMT42",1
,"WEB/Stock","SMT09",1
,"WEB/Stock","8858718638990",1
,"WEB/Stock","8858718625532",2
,"WEB/Stock","8858718617094",0
,"WEB/Stock","SMT44",1
,"WEB/Stock","8858718626454",1
,"WEB/Stock","SMT34",1
,"WEB/Stock","8858718639430",1
,"WEB/Stock","8859082300019",2
,"WEB/Stock","8859082300209",0
,"WEB/Stock","8859082300018",1
,"WEB/Stock","8859082300605",0
,"WEB/Stock","8999908855701",0
,"WEB/Stock","8999908727503",6
,"WEB/Stock","CTN-8999908727503-60",1
,"WEB/Stock","8999908677808",3
,"WEB/Stock","8801619049259",1
,"WEB/Stock","IVES0001",0
,"WEB/Stock","77043103609",1
,"WEB/Stock","77043355862",7
,"WEB/Stock","77043357644",8
,"WEB/Stock","8801619049273",4
,"WEB/Stock","8801619047866",3
,"WEB/Stock","8801619049266",1
,"WEB/Stock","8801619048436",5
,"WEB/Stock","8801619048429",4
,"WEB/Stock","8801619048399",4
,"WEB/Stock","8801619047903",0
,"WEB/Stock","8801619047903",0
,"WEB/Stock","77043000953",2
,"WEB/Stock","77043358023",1
,"WEB/Stock","8801619048412",3
,"WEB/Stock","8801619049242",7
,"WEB/Stock","8801619048405",4
,"WEB/Stock","8801619047859",4
,"WEB/Stock","6291105153300",3
,"WEB/Stock","6291105153317",3
,"WEB/Stock","5690528476170",5
,"WEB/Stock","5690528476163",4
,"WEB/Stock","53996671",4
,"WEB/Stock","8852961003246",1
,"WEB/Stock","VP-8852961003246-12",14
,"WEB/Stock","VP-SUU-BALM-4",0
,"WEB/Stock","VP-SUU-BALM-8",1
,"WEB/Stock","SUU-BALM-009",1
,"WEB/Stock","SUU-BALM-010",2
,"WEB/Stock","SUU-BALM-001",1
,"WEB/Stock","SUU-BALM-006",2
,"WEB/Stock","SUU-BALM-007",1
,"WEB/Stock","SUU-BALM-011",5
,"WEB/Stock","VP-SUU-BALM-6",2
,"WEB/Stock","SUU-BALM-012",3
,"WEB/Stock","VP-SUU-BALM-3",0
,"WEB/Stock","VP-SUU-BALM-1",0
,"WEB/Stock","VP-SUU-BALM-5",0
,"WEB/Stock","VP-SUU-BALM-10",0
,"WEB/Stock","VP-SUU-BALM-9",1
,"WEB/Stock","SUU-BALM-004",1
,"WEB/Stock","SUU-BALM-003",0
,"WEB/Stock","8992959951026",1
,"WEB/Stock","8992959951019",1
,"WEB/Stock","8992959951002",1
,"WEB/Stock","8992959951033",1
,"WEB/Stock","8998866107655",1
,"WEB/Stock","8998866610292",0
,"WEB/Stock","8998866106931",0
,"WEB/Stock","8998866105989",0
,"WEB/Stock","8998866804011",1
,"WEB/Stock","8998866804035",3
,"WEB/Stock","8998866105996",1
,"WEB/Stock","736658990096",1
,"WEB/Stock","TACB12",1
,"WEB/Stock","TC-001",2
,"WEB/Stock","TC-002",3
,"WEB/Stock","TC-003",3
,"WEB/Stock","TC-004",3
,"WEB/Stock","749921001535",5
,"WEB/Stock","749921001023",0
,"WEB/Stock","749921001047",1
,"WEB/Stock","749921001016",1
,"WEB/Stock","749921000835",1
,"WEB/Stock","749921000323",1
,"WEB/Stock","TP-8992727001724-2",0
,"WEB/Stock","TP-8992727007382-2",0
,"WEB/Stock","TP-8992727005012-2",0
,"WEB/Stock","TP-8992727003889-2",0
,"WEB/Stock","TP-8992727006545-2",0
,"WEB/Stock","TP-8992727005111-2",0
,"WEB/Stock","TP-8992727003537-2",0
,"WEB/Stock","TP-8992727002882-2",0
,"WEB/Stock","9318637072378-2-FT",12
,"WEB/Stock","117439-2",1
,"WEB/Stock","TP-DARLIE-ASW-MW-140",6
,"WEB/Stock","TP-DARLIE-ASWC-140",1
,"WEB/Stock","TP-DARLIE-ASW-C-80",9
,"WEB/Stock","TP-DARLIE-ASW-LM-80",20
,"WEB/Stock","TP-DARLIE-ASW-160",6
,"WEB/Stock","TP-00095",6
,"WEB/Stock","TP-00096",47
,"WEB/Stock","TP-00096-FS",1
,"WEB/Stock","TP-00097",0
,"WEB/Stock","TP-00097-FS",1
,"WEB/Stock","TP-4891338003186-2",19
,"WEB/Stock","TP-DARLIE-DAM-120",53
,"WEB/Stock","TP-DARLIE-DAM-225",30
,"WEB/Stock","DARLIE-GT-160-2",23
,"WEB/Stock","DARLIE-GT-160-2-FM",2
,"WEB/Stock","TP-DARLIE-JT-160-2",0
,"WEB/Stock","TP-DARLIE-JT-160-FP",3
,"WEB/Stock","TP-859581006532-2",0
,"WEB/Stock","TP-4000388177000-2",0
,"WEB/Stock","TP-8717163023839-2",0
,"WEB/Stock","TP-00228",3
,"WEB/Stock","VP-00229",3
,"WEB/Stock","TP-47400245105-2",32
,"WEB/Stock","TP-47400247307-2",33
,"WEB/Stock","TP-47400179349-2",3
,"WEB/Stock","VP-Gillete-001",3
,"WEB/Stock","TP-3014260301705-2",3
,"WEB/Stock","TP-H&S-SHP-CM-330",3
,"WEB/Stock","TP-H&S-SHP-CM-480",2
,"WEB/Stock","TP-00230",3
,"WEB/Stock","TP-H&S-SHP-LF-330",3
,"WEB/Stock","TP-4902430556392-2",3
,"WEB/Stock","VP-00231",3
,"WEB/Stock","TP-4902430307901-2",3
,"WEB/Stock","TW-4902430869126-2",3
,"WEB/Stock","4902430752701-2",2
,"WEB/Stock","TW-8001090222848-2",3
,"WEB/Stock","TW-8001090222541-2",3
,"WEB/Stock","TP-LANORE-003",1
,"WEB/Stock","TP-LANORE-004",1
,"WEB/Stock","TP-LANORE-005",1
,"WEB/Stock","TP-LANORE-006",1
,"WEB/Stock","TP-LANORE-001",1
,"WEB/Stock","TP-LANORE-002",1
,"WEB/Stock","TP-8999908618702-2",2
,"WEB/Stock","TP-8999908629203-2",2
,"WEB/Stock","TP-8999908728500-2",2
,"WEB/Stock","TP-8999908728708-2",2
,"WEB/Stock","TP-8999908615909-2",2
,"WEB/Stock","TP-8999908850508-2",2
,"WEB/Stock","TP-8999908611208-2",1
,"WEB/Stock","TP-8999908611307-2",2
,"WEB/Stock","TP-00063",1
,"WEB/Stock","TP-8999908460707-2",0
,"WEB/Stock","TP-8999908427502-2",1
,"WEB/Stock","TP-8999908388902-2",2
,"WEB/Stock","TP-8999908388704-2",1
,"WEB/Stock","TP-8999908526403-2",1
,"WEB/Stock","TP-8999908596901-2",1
,"WEB/Stock","TP-8999908208408-2",2
,"WEB/Stock","TP-8999908208705-2",2
,"WEB/Stock","TP-8999908204202-2",1
,"WEB/Stock","TP-8999908284907-2",8
,"WEB/Stock","TP-8999908831507-2",0
,"WEB/Stock","TP-8999908432506-2",3
,"WEB/Stock","TP-8999908432605-2",1
,"WEB/Stock","TP-8999908060105-2",1
,"WEB/Stock","TP-8999908060006-2",0
,"WEB/Stock","TP-8999908042606-2",3
,"WEB/Stock","TP-8999908054104-2",1
,"WEB/Stock","TP-8999908030207-2",2
,"WEB/Stock","TP-8999908030900-2",2
,"WEB/Stock","TP-8998866609753-2",7
,"WEB/Stock","TP-8998866609722-2",5
,"WEB/Stock","TP-8998866609746-2",7
,"WEB/Stock","TP-8998866609739-2",6
,"WEB/Stock","TW-4902430293341-2",3
,"WEB/Stock","TW-4902430292962-2",3
,"WEB/Stock","TW-4902430403900-2",3
,"WEB/Stock","TW-4902430390095-2",1
,"WEB/Stock","TW-4902430403856-2",2
,"WEB/Stock","TP-9300647000342-2",3
,"WEB/Stock","TP-4902430869652-2",3
,"WEB/Stock","TP-9300647788691-2",3
,"WEB/Stock","TP-3014260279462-2",3
,"WEB/Stock","TW-4902430599634-2",1
,"WEB/Stock","VP-00227",1
,"WEB/Stock","TP-P-C-3MMHFC-180",20
,"WEB/Stock","TP-P-C-3MMTDC-180",1
,"WEB/Stock","TP-4902430792240-2",3
,"WEB/Stock","TP-P-S-AD-480",3
,"WEB/Stock","VP-00232",3
,"WEB/Stock","TP-00092",3
,"WEB/Stock","TW-4902430879064-2",3
,"WEB/Stock","TW-4902430879057-2",3
,"WEB/Stock","TP-P-S-HFC-480",3
,"WEB/Stock","TP-4902430459617-2",2
,"WEB/Stock","VP-00234",3
,"WEB/Stock","TP-4902430459624-2",3
,"WEB/Stock","TP-P-S-TDC-480",3
,"WEB/Stock","TP-00091",3
,"WEB/Stock","TP-00107",1
,"WEB/Stock","TWINPACK82288135",0
,"WEB/Stock","TP-00094",3
,"WEB/Stock","TP-00093",1
,"WEB/Stock","VP-00236",3
,"WEB/Stock","TP-8991991584063-2",4
,"WEB/Stock","TP-8992695505163-2",3
,"WEB/Stock","TP-89919915740640-2",0
,"WEB/Stock","TP-8992695705167-2",0
,"WEB/Stock","TP-Sensodyne-017-2",4
,"WEB/Stock","TP-8992695724069-2",0
,"WEB/Stock","TP-8992695725165-2",0
,"WEB/Stock","TP-8992695554062-2",15
,"WEB/Stock","TP-8992695744067-2",7
,"WEB/Stock","TP-8992695785169-2",1
,"WEB/Stock","TP-Sensodyne-010",5
,"WEB/Stock","TP-8992695734662-2",3
,"WEB/Stock","TP-8992695771285-2",1
,"WEB/Stock","TP-8992695774064-2",0
,"WEB/Stock","TP-8992695754066-2",0
,"WEB/Stock","TP-8992695764065-2",2
,"WEB/Stock","TP-SCSDC100-2",6
,"WEB/Stock","TP-8992695910080-2",0
,"WEB/Stock","TP-8998866106788-2",2
,"WEB/Stock","TP-8998866106795-2",8
,"WEB/Stock","TP-8998866106863-2",2
,"WEB/Stock","TP-8998866106870-2",6
,"WEB/Stock","TP-SUU-BALM-007-2",0
,"WEB/Stock","TP-SUU-BALM-2-2",1
,"WEB/Stock","TP-SUU-BALM-1-2",1
,"WEB/Stock","TP-8801619047576-2",0
,"WEB/Stock","TP-305210464728-2",0
,"WEB/Stock","TP-305210206779-2",0
,"WEB/Stock","TP-8801619047545-2",0
,"WEB/Stock","TP-8999908439505-2",0
,"WEB/Stock","TP-8999908439703-2",1
,"WEB/Stock","TP-8999908440105-2",0
,"WEB/Stock","TP-8999908439901-2",1
,"WEB/Stock","TP-00165",1
,"WEB/Stock","TP-00162",0
,"WEB/Stock","TP-00163",1
,"WEB/Stock","VP-00428",1
,"WEB/Stock","TP-00161",1
,"WEB/Stock","TP-00164",0
,"WEB/Stock","TP-8998866616799-2",0
,"WEB/Stock","TP-8998866106399-2",7
,"WEB/Stock","TP-8998866106436-2",7
,"WEB/Stock","TP-8998866106429-2",7
,"WEB/Stock","TP-8998866106412-2",7
,"WEB/Stock","3661434005008",2
,"WEB/Stock","3661434003608",2
,"WEB/Stock","3661434003639",2
,"WEB/Stock","3661434000515",2
,"WEB/Stock","DNACR500-BND",1
,"WEB/Stock","DNACR200-BND",0
,"WEB/Stock","3401354309233-BND",0
,"WEB/Stock","DNAGD200-BND",1
,"WEB/Stock","DNAGD500-BND",1
,"WEB/Stock","3401528519895-BND",0
,"WEB/Stock","3401381463359-BND",0
,"WEB/Stock","DNAIB500-BND",0
,"WEB/Stock","3401560969757-BND",0
,"WEB/Stock","3401560936988-BND",1
,"WEB/Stock","3401399372346-BND",1
,"WEB/Stock","DNAUB500-BND",1
,"WEB/Stock","VP-ACNE-SKIN",2
,"WEB/Stock","VP-SENS-SKIN",2
,"WEB/Stock","VP-00304",3
,"WEB/Stock","VP-00307",3
,"WEB/Stock","VP-00145",54
,"WEB/Stock","VP-00417",0
,"WEB/Stock","VP-00306",2
,"WEB/Stock","VP-8992727004473-3",0
,"WEB/Stock","VP-8992727004459-3",0
,"WEB/Stock","VP-9318637072378+59",1
,"WEB/Stock","VP-8998866100168-3",5
,"WEB/Stock","VP-8998866181082-3",5
,"WEB/Stock","VP-8998866106191-3",6
,"WEB/Stock","VP-00311",1
,"WEB/Stock","VP-00309",37
,"WEB/Stock","VP-Darlie-FBS-3",66
,"WEB/Stock","VP-00310",1
,"WEB/Stock","VP-00308",26
,"WEB/Stock","VP-DARLIE-DAM-2X225",5
,"WEB/Stock","DARLIE-GT-160-3",3
,"WEB/Stock","DARLIE-GT-160-3-FM",2
,"WEB/Stock","VP-DARLIE-JT-160",2
,"WEB/Stock","VP-DARLIE-JT-160-FP",0
,"WEB/Stock","VP-Darlie-ZFL-3",17
,"WEB/Stock","VP-Darlie-ZFP-3",21
,"WEB/Stock","VP-GVR-GVC",3
,"WEB/Stock","VP-GVR-GVC-GFFSLL",3
,"WEB/Stock","TRP-H&S-SHP-CM-480",3
,"WEB/Stock","VP-4902430397964-3",3
,"WEB/Stock","VP-4902430397964-3",3
,"WEB/Stock","VP-4902430553643-3",3
,"WEB/Stock","VP-4902430556392-3",3
,"WEB/Stock","VP-4902430553650-3",33
,"WEB/Stock","VP-4902430553650-3",33
,"WEB/Stock","VP-4902430307901-3",1
,"WEB/Stock","VP-4987176046284-3",0
,"WEB/Stock","VP-4902430752701-3",3
,"WEB/Stock","VP-4902430752626-3",0
,"WEB/Stock","VP-8001090222848-3",3
,"WEB/Stock","VP-8001090222541-3",3
,"WEB/Stock","VP-8998866107846-3",2
,"WEB/Stock","VP-8998866107822-3",1
,"WEB/Stock","VP-8998866107754-3",0
,"WEB/Stock","VP-8998866107747-3",1
,"WEB/Stock","VP-8998866105279-3",0
,"WEB/Stock","VP-8998866105255-3",0
,"WEB/Stock","VP-8998866105262-3",1
,"WEB/Stock","VP-LANORE-LDFC-001",1
,"WEB/Stock","VP-00418",2
,"WEB/Stock","VP-ORRC-ORNM",3
,"WEB/Stock","VP-ORRC-OSR",3
,"WEB/Stock","VP-00384",3
,"WEB/Stock","VP-OLAY-RMAA",3
,"WEB/Stock","VP-OLAY-RPAA",3
,"WEB/Stock","VP-OLAY-RPLAA",3
,"WEB/Stock","VP-OLAY-RPAA-SR",3
,"WEB/Stock","VP-OLAY-RPP",2
,"WEB/Stock","VP-OLAY-RSAA",2
,"WEB/Stock","VP-OLAY-SPAA",3
,"WEB/Stock","VP-OLAY-SPKN",2
,"WEB/Stock","VP-OLAY-SPKS",3
,"WEB/Stock","VP-OLAY-SPM",3
,"WEB/Stock","VP-4902430407854-5",1
,"WEB/Stock","VP-4902430408110-5",1
,"WEB/Stock","VP-4902430403856-3",3
,"WEB/Stock","VP-4902430403856-6",2
,"WEB/Stock","VP-9300647000342-3",4
,"WEB/Stock","VP-9300647788691-3",3
,"WEB/Stock","3014260279462-3",3
,"WEB/Stock","VP-3014260279462-6",3
,"WEB/Stock","VP-00179",1
,"WEB/Stock","VP-00180",1
,"WEB/Stock","VP-00182",1
,"WEB/Stock","VP-00183",1
,"WEB/Stock","VP-10834",1
,"WEB/Stock","VP-4902430792240-3",3
,"WEB/Stock","VP-4902430413008-3",3
,"WEB/Stock","VP-00233",3
,"WEB/Stock","VP-4902430404716-3",3
,"WEB/Stock","TRP-P-S-HFC-480",1
,"WEB/Stock","VP-4902430404686-3",3
,"WEB/Stock","VP-4902430459617-3",3
,"WEB/Stock","VP-4902430401111-3",3
,"WEB/Stock","VP-4902430459624-3",3
,"WEB/Stock","VP-00393",0
,"WEB/Stock","VP-4902430404709-3",7
,"WEB/Stock","VP-00382",3
,"WEB/Stock","VP-00398",2
,"WEB/Stock","VP-00399",2
,"WEB/Stock","VP-00396",1
,"WEB/Stock","VP-00397",1
,"WEB/Stock","Scotts-004-BDN",2
,"WEB/Stock","Scotts-002-BDN",0
,"WEB/Stock","Scotts-003-BDN",0
,"WEB/Stock","VP-8992695505163-BDN",5
,"WEB/Stock","VP-Sensodyne-017-BDN",13
,"WEB/Stock","VP-8992695725165-BDN",3
,"WEB/Stock","VP-Sensodyne-010-BDN",3
,"WEB/Stock","VP-8992695734662-BDN",14
,"WEB/Stock","VP-8992695774064-BDN",2
,"WEB/Stock","VP-8992695754066-BDN",0
,"WEB/Stock","VP-8992695764065-BDN",11
,"WEB/Stock","VP-SCSDC100-BDN",3
,"WEB/Stock","VP-SUU-BALM-006-3",0
,"WEB/Stock","VP-4902430393126-12",0
,"WEB/Stock","VP-4987176600554-12",0
,"WEB/Stock","VP-4987176008718-12",0
,"WEB/Stock","VP-4987176000552-12",0
,"WEB/Stock","VP-00422",1
,"WEB/Stock","VP-00426",1
,"WEB/Stock","VP-00424",1
,"WEB/Stock","VP-00425",1
,"WEB/Stock","VP-00427",1
,"WEB/Stock","VP-00423",1
,"WEB/Stock","VP-00429",1
,"WEB/Stock","VP-8998866616751-3",2
,"WEB/Stock","VP-8998866616768-3",2
,"WEB/Stock","VP-8998866616782-6",1
,"WEB/Stock","VP-8998866616775-6",1
,"WEB/Stock","VP-8998866107693-3",6
,"WEB/Stock","VP-8998866105750-3",6
,"WEB/Stock","VP-8998866105736-3",1
,"WEB/Stock","VP-8998866105743-3",6
,"WEB/Stock","8801619048481",5
,"WEB/Stock","8999999533397",1
,"WEB/Stock","8801619047576",0
,"WEB/Stock","8801619047569",0
,"WEB/Stock","305210464728",0
,"WEB/Stock","305210206779",2
,"WEB/Stock","8801619047552",0
,"WEB/Stock","305210231597",0
,"WEB/Stock","8801619047545",0
,"WEB/Stock","8801619048498",5
,"WEB/Stock","8801619048504",10
,"WEB/Stock","4902430393126",0
,"WEB/Stock","4987176600554",0
,"WEB/Stock","4987176008718",0
,"WEB/Stock","4987176000552",0
,"WEB/Stock","8999908439505",1
,"WEB/Stock","8999908439703",1
,"WEB/Stock","8999908440105",1
,"WEB/Stock","8999908439901",1
,"WEB/Stock","8994942005570",1
,"WEB/Stock","8994942012189",1
,"WEB/Stock","8994942015463",3
,"WEB/Stock","8994942007260",1
,"WEB/Stock","8994942006270",1
,"WEB/Stock","8994942012417",1
,"WEB/Stock","8994942012400",1
,"WEB/Stock","8994942010093",3
,"WEB/Stock","8994942010109",1
,"WEB/Stock","8994942010116",2
,"WEB/Stock","8994942015944",2
,"WEB/Stock","8994942002333",1
,"WEB/Stock","8994942006300",1
,"WEB/Stock","8994942012264",1
,"WEB/Stock","8994942012271",2
,"WEB/Stock","8994942013162",2
,"WEB/Stock","8994942012288",1
,"WEB/Stock","8994942012257",2
,"WEB/Stock","8994942012196",2
,"WEB/Stock","8998667500839",3
,"WEB/Stock","8998667500471",5
,"WEB/Stock","8994942006881",1
,"WEB/Stock","8994942006867",0
,"WEB/Stock","8994942006874",2
,"WEB/Stock","8994942006843",1
,"WEB/Stock","VITABIO-002",1
,"WEB/Stock","8997020060546",1
,"WEB/Stock","8997020060102",1
,"WEB/Stock","8997020060171",1
,"WEB/Stock","8997020060461",2
,"WEB/Stock","VITABIO-001",1
,"WEB/Stock","8992001033243",0
,"WEB/Stock","FM-WX10202457",5
,"WEB/Stock","FM-WX10202459",6
,"WEB/Stock","VIVO-004",6
,"WEB/Stock","VIVO-0,03-3",3
,"WEB/Stock","VP-VIVO-AMATEUR",4
,"WEB/Stock","VP-VIVO-BEGINNER",4
,"WEB/Stock","VP-VIVO VB",1
,"WEB/Stock","VIVO-001",6
,"WEB/Stock","9556564080435",5
,"WEB/Stock","VIVO-E-3",2
,"WEB/Stock","VP-VIVO-EXPERT",2
,"WEB/Stock","VIVO-003",6
,"WEB/Stock","9556564080466",2
,"WEB/Stock","8992846223915",1
,"WEB/Stock","8992846223908",4
,"WEB/Stock","VIVO-H20L-60",0
,"WEB/Stock","VIVO-H20LS-60",0
,"WEB/Stock","VP-VMB-1",1
,"WEB/Stock","VIVO-ND-BLACK",1
,"WEB/Stock","VIVO-ND-RED",1
,"WEB/Stock","9556564080442",0
,"WEB/Stock","8992846224400",0
,"WEB/Stock","VIVO-SH-XLDR-3",2
,"WEB/Stock","VP-SHBR",0
,"WEB/Stock","VIVO-002",6
,"WEB/Stock","9556564080473",0
,"WEB/Stock","VIVO-UL-60",0
,"WEB/Stock","VIVO-VLB-BLUE",1
,"WEB/Stock","VIVO-VLB-PINK",0
,"WEB/Stock","8993137678742",1
,"WEB/Stock","8994878000069",1
,"WEB/Stock","686499061038",0
,"WEB/Stock","686499081142",0
,"WEB/Stock","146542780205",0
,"WEB/Stock","686499012740",0
,"WEB/Stock","686499023357",0
,"WEB/Stock","686499011019",1
,"WEB/Stock","686499012559",18
,"WEB/Stock","686499012658",15
,"WEB/Stock","686499012603",0
,"WEB/Stock","686499013655",1
,"WEB/Stock","1465417105",1
,"WEB/Stock","686499081036",1
,"WEB/Stock","686499010494",1
,"WEB/Stock","686499010517",1
,"WEB/Stock","686499031130",1
,"WEB/Stock","686499080817",2
,"WEB/Stock","146542750208",0
,"WEB/Stock","686499013334",1
,"WEB/Stock","686499081128",2
,"WEB/Stock","686499010104",2
,"WEB/Stock","686499012504",2
,"WEB/Stock","686499012313",2
,"WEB/Stock","686499035213",3
,"WEB/Stock","4902430044233",4
,"WEB/Stock","4902430061155",3
,"WEB/Stock","4902430044264",3
,"WEB/Stock","4902430044257",5
,"WEB/Stock","8999908733702",3
,"WEB/Stock","YOUVITFGB-001",2
,"WEB/Stock","YOUVITFB-001",2
,"WEB/Stock","8998866107693",1
,"WEB/Stock","8998866106399",1
,"WEB/Stock","8998866105750",1
,"WEB/Stock","8998866106436",1
,"WEB/Stock","8998866105736",0
,"WEB/Stock","8998866106429",1
,"WEB/Stock","8998866105743",0
,"WEB/Stock","8998866106412",0
